<?xml version="1.0" encoding="UTF-8"?><module codename="org.netbeans.core.windows/2">
    <module_version install_time="1445550203917" last="true" origin="installer" specification_version="2.80.1">
        <file crc="1059846727" name="config/Modules/org-netbeans-core-windows.xml"/>
        <file crc="857243650" name="modules/locale/org-netbeans-core-windows_ja.jar"/>
        <file crc="23068862" name="modules/locale/org-netbeans-core-windows_pt_BR.jar"/>
        <file crc="2228470803" name="modules/locale/org-netbeans-core-windows_ru.jar"/>
        <file crc="1702917285" name="modules/locale/org-netbeans-core-windows_zh_CN.jar"/>
        <file crc="1814936949" name="modules/org-netbeans-core-windows.jar"/>
    </module_version>
</module>
