<?xml version="1.0" encoding="UTF-8"?><module codename="org.openide.dialogs">
    <module_version install_time="1445549295612" last="true" origin="installer" specification_version="7.41.1">
        <file crc="807629635" name="config/Modules/org-openide-dialogs.xml"/>
        <file crc="2543121972" name="modules/locale/org-openide-dialogs_ja.jar"/>
        <file crc="2231372711" name="modules/locale/org-openide-dialogs_pt_BR.jar"/>
        <file crc="682695728" name="modules/locale/org-openide-dialogs_ru.jar"/>
        <file crc="2729690474" name="modules/locale/org-openide-dialogs_zh_CN.jar"/>
        <file crc="409566020" name="modules/org-openide-dialogs.jar"/>
    </module_version>
</module>
