<?xml version="1.0" encoding="UTF-8"?><module codename="org.netbeans.core.output2/1">
    <module_version install_time="1445550021925" last="true" origin="installer" specification_version="1.40.1">
        <file crc="1198063063" name="config/Modules/org-netbeans-core-output2.xml"/>
        <file crc="2657261507" name="modules/locale/org-netbeans-core-output2_ja.jar"/>
        <file crc="2408330967" name="modules/locale/org-netbeans-core-output2_pt_BR.jar"/>
        <file crc="1743055085" name="modules/locale/org-netbeans-core-output2_ru.jar"/>
        <file crc="2529212323" name="modules/locale/org-netbeans-core-output2_zh_CN.jar"/>
        <file crc="2797047185" name="modules/org-netbeans-core-output2.jar"/>
    </module_version>
</module>
