<?xml version="1.0" encoding="UTF-8"?><module codename="org.netbeans.core.osgi">
    <module_version install_time="1445549435388" last="true" origin="installer" specification_version="1.21.1">
        <file crc="4106410406" name="config/Modules/org-netbeans-core-osgi.xml"/>
        <file crc="3466452461" name="modules/locale/org-netbeans-core-osgi_ja.jar"/>
        <file crc="1768870045" name="modules/locale/org-netbeans-core-osgi_pt_BR.jar"/>
        <file crc="4084687400" name="modules/locale/org-netbeans-core-osgi_ru.jar"/>
        <file crc="358148559" name="modules/locale/org-netbeans-core-osgi_zh_CN.jar"/>
        <file crc="4020121672" name="modules/org-netbeans-core-osgi.jar"/>
    </module_version>
</module>
