<?xml version="1.0" encoding="UTF-8"?><module codename="org.openide.util">
    <module_version install_time="1445548771789" last="true" origin="installer" specification_version="9.5.1">
        <file crc="3443873185" name="config/ModuleAutoDeps/org-openide-util.xml"/>
        <file crc="2088325725" name="lib/locale/org-openide-util_ja.jar"/>
        <file crc="3126262582" name="lib/locale/org-openide-util_pt_BR.jar"/>
        <file crc="2235273805" name="lib/locale/org-openide-util_ru.jar"/>
        <file crc="1210691780" name="lib/locale/org-openide-util_zh_CN.jar"/>
        <file crc="2326647660" name="lib/org-openide-util.jar"/>
    </module_version>
</module>
