<?xml version="1.0" encoding="UTF-8"?><module codename="org.netbeans.modules.junitlib">
    <module_version install_time="1445548557467" last="true" origin="installer" specification_version="1.3.1">
        <file crc="736645064" name="config/Modules/org-netbeans-modules-junitlib.xml"/>
        <file crc="3619176983" name="docs/junit-4.12-javadoc.jar"/>
        <file crc="1744168363" name="docs/junit-4.12-sources.jar"/>
        <file crc="2027192683" name="modules/locale/org-netbeans-modules-junitlib_ja.jar"/>
        <file crc="2241505793" name="modules/locale/org-netbeans-modules-junitlib_pt_BR.jar"/>
        <file crc="3417512396" name="modules/locale/org-netbeans-modules-junitlib_ru.jar"/>
        <file crc="4272241316" name="modules/locale/org-netbeans-modules-junitlib_zh_CN.jar"/>
        <file crc="81531866" name="modules/org-netbeans-modules-junitlib.jar"/>
    </module_version>
</module>
