<?xml version="1.0" encoding="UTF-8"?><module codename="org.openide.actions">
    <module_version install_time="1445549545852" last="true" origin="installer" specification_version="6.38.1">
        <file crc="3556488737" name="config/Modules/org-openide-actions.xml"/>
        <file crc="3655793868" name="modules/locale/org-openide-actions_ja.jar"/>
        <file crc="2863332726" name="modules/locale/org-openide-actions_pt_BR.jar"/>
        <file crc="2865300540" name="modules/locale/org-openide-actions_ru.jar"/>
        <file crc="1768147801" name="modules/locale/org-openide-actions_zh_CN.jar"/>
        <file crc="3627938805" name="modules/org-openide-actions.jar"/>
    </module_version>
</module>
