<?xml version="1.0" encoding="UTF-8"?><module codename="org.netbeans.api.htmlui">
    <module_version install_time="1445549491057" last="true" origin="installer" specification_version="1.4.1">
        <file crc="3240801667" name="config/Modules/org-netbeans-api-htmlui.xml"/>
        <file crc="3534064083" name="modules/locale/org-netbeans-api-htmlui_ja.jar"/>
        <file crc="3826549045" name="modules/locale/org-netbeans-api-htmlui_pt_BR.jar"/>
        <file crc="559607323" name="modules/locale/org-netbeans-api-htmlui_ru.jar"/>
        <file crc="4265081499" name="modules/locale/org-netbeans-api-htmlui_zh_CN.jar"/>
        <file crc="3440119730" name="modules/org-netbeans-api-htmlui.jar"/>
    </module_version>
</module>
