<?xml version="1.0" encoding="UTF-8"?><module codename="org.netbeans.api.templates">
    <module_version install_time="1445548835986" last="true" origin="installer" specification_version="1.6.1">
        <file crc="715791124" name="config/Modules/org-netbeans-api-templates.xml"/>
        <file crc="3649116832" name="modules/locale/org-netbeans-api-templates_ja.jar"/>
        <file crc="55682996" name="modules/locale/org-netbeans-api-templates_pt_BR.jar"/>
        <file crc="3283878890" name="modules/locale/org-netbeans-api-templates_ru.jar"/>
        <file crc="1839319214" name="modules/locale/org-netbeans-api-templates_zh_CN.jar"/>
        <file crc="1891480606" name="modules/org-netbeans-api-templates.jar"/>
    </module_version>
</module>
