<?xml version="1.0" encoding="UTF-8"?><module codename="org.netbeans.modules.sampler">
    <module_version install_time="1445549607804" last="true" origin="installer" specification_version="1.13.1">
        <file crc="3630527653" name="config/Modules/org-netbeans-modules-sampler.xml"/>
        <file crc="149318066" name="modules/locale/org-netbeans-modules-sampler_ja.jar"/>
        <file crc="3344822348" name="modules/locale/org-netbeans-modules-sampler_pt_BR.jar"/>
        <file crc="941006755" name="modules/locale/org-netbeans-modules-sampler_ru.jar"/>
        <file crc="2515761057" name="modules/locale/org-netbeans-modules-sampler_zh_CN.jar"/>
        <file crc="2698795656" name="modules/org-netbeans-modules-sampler.jar"/>
    </module_version>
</module>
