<?xml version="1.0" encoding="UTF-8"?><module codename="org.netbeans.modules.keyring.fallback">
    <module_version install_time="1445549330915" last="true" origin="installer" specification_version="1.7.1">
        <file crc="1307470414" name="config/Modules/org-netbeans-modules-keyring-fallback.xml"/>
        <file crc="748409503" name="modules/locale/org-netbeans-modules-keyring-fallback_ja.jar"/>
        <file crc="3894940070" name="modules/locale/org-netbeans-modules-keyring-fallback_pt_BR.jar"/>
        <file crc="1486591551" name="modules/locale/org-netbeans-modules-keyring-fallback_ru.jar"/>
        <file crc="2025863967" name="modules/locale/org-netbeans-modules-keyring-fallback_zh_CN.jar"/>
        <file crc="3703851044" name="modules/org-netbeans-modules-keyring-fallback.jar"/>
    </module_version>
</module>
