<?xml version="1.0" encoding="UTF-8"?><module codename="org.netbeans.modules.masterfs.linux">
    <module_version install_time="1445549023293" last="true" origin="installer" specification_version="1.12.1">
        <file crc="367044464" name="config/Modules/org-netbeans-modules-masterfs-linux.xml"/>
        <file crc="490998456" name="modules/locale/org-netbeans-modules-masterfs-linux_ja.jar"/>
        <file crc="890478212" name="modules/locale/org-netbeans-modules-masterfs-linux_pt_BR.jar"/>
        <file crc="3677873973" name="modules/locale/org-netbeans-modules-masterfs-linux_ru.jar"/>
        <file crc="1349746456" name="modules/locale/org-netbeans-modules-masterfs-linux_zh_CN.jar"/>
        <file crc="1130296182" name="modules/org-netbeans-modules-masterfs-linux.jar"/>
    </module_version>
</module>
