<?xml version="1.0" encoding="UTF-8"?><module codename="org.netbeans.modules.options.keymap">
    <module_version install_time="1445550017417" last="true" origin="installer" specification_version="1.36.1">
        <file crc="2363851279" name="config/Modules/org-netbeans-modules-options-keymap.xml"/>
        <file crc="4193593040" name="modules/locale/org-netbeans-modules-options-keymap_ja.jar"/>
        <file crc="4019661193" name="modules/locale/org-netbeans-modules-options-keymap_pt_BR.jar"/>
        <file crc="3996012383" name="modules/locale/org-netbeans-modules-options-keymap_ru.jar"/>
        <file crc="3204503168" name="modules/locale/org-netbeans-modules-options-keymap_zh_CN.jar"/>
        <file crc="532639229" name="modules/org-netbeans-modules-options-keymap.jar"/>
    </module_version>
</module>
