<?xml version="1.0" encoding="UTF-8"?><module codename="at.grid">
    <module_version install_time="1511204646340" last="true" origin="installer" specification_version="1.0">
        <file crc="1085077423" name="config/Modules/at-grid.xml"/>
        <file crc="3036322131" name="modules/at-grid.jar"/>
        <file crc="286454394" name="modules/ext/commons-email-1.1.jar"/>
        <file crc="3466868885" name="modules/ext/commons-fileupload-1.2.jar"/>
        <file crc="1640872803" name="modules/ext/commons-httpclient-3.1.jar"/>
        <file crc="370560258" name="modules/ext/commons-imaging-1.0-SNAPSHOT.jar"/>
        <file crc="3573125769" name="modules/ext/commons-io-1.3.2.jar"/>
        <file crc="191604148" name="modules/ext/gt-api-12.0.1.jar"/>
        <file crc="3482434086" name="modules/ext/gt-epsg-hsql-12.0.1.jar"/>
        <file crc="2802408693" name="modules/ext/gt-metadata-12.0.1.jar"/>
        <file crc="261240850" name="modules/ext/gt-opengis-12.0.1.jar"/>
        <file crc="4069630384" name="modules/ext/gt-referencing-12.0.1.jar"/>
        <file crc="241481699" name="modules/ext/h2-1.2.140.jar"/>
        <file crc="831470086" name="modules/ext/jai_codec.jar"/>
        <file crc="1342344976" name="modules/ext/jai_core.jar"/>
        <file crc="4135575409" name="modules/ext/jcommon-1.0.23.jar"/>
        <file crc="2656356054" name="modules/ext/jdom-2.0.5-contrib.jar"/>
        <file crc="912007783" name="modules/ext/jdom-2.0.5.jar"/>
        <file crc="3721340431" name="modules/ext/jfreechart-1.0.19.jar"/>
        <file crc="3559439373" name="modules/ext/jgrapht-jdk1.5-0.7.3.jar"/>
        <file crc="949221605" name="modules/ext/jts-1.11.jar"/>
        <file crc="298455590" name="modules/ext/mail-1.4.1.jar"/>
        <file crc="1333953694" name="modules/ext/servlet-api.jar"/>
    </module_version>
</module>
