<?xml version="1.0" encoding="UTF-8"?><module codename="at.grid.cms">
    <module_version install_time="1511204646624" last="true" origin="installer" specification_version="1.0">
        <file crc="1768957825" name="config/Modules/at-grid-cms.xml"/>
        <file crc="374643069" name="modules/at-grid-cms.jar"/>
        <file crc="1991922540" name="modules/ext/commons-codec-1.5.jar"/>
        <file crc="3997199286" name="modules/ext/commons-logging-1.1.jar"/>
        <file crc="2050839146" name="modules/ext/dom4j-1.6.1.jar"/>
        <file crc="3598344187" name="modules/ext/iText-2.1.7.jar"/>
        <file crc="3295022609" name="modules/ext/junit-4.11.jar"/>
        <file crc="831832736" name="modules/ext/log4j-1.2.13.jar"/>
        <file crc="345293656" name="modules/ext/poi-3.10-beta2-20130904.jar"/>
        <file crc="582881578" name="modules/ext/poi-excelant-3.10-beta2-20130904.jar"/>
        <file crc="1113821533" name="modules/ext/poi-ooxml-3.10-beta2-20130904.jar"/>
        <file crc="3217018410" name="modules/ext/poi-ooxml-schemas-3.10-beta2-20130904.jar"/>
        <file crc="3355062350" name="modules/ext/poi-scratchpad-3.10-beta2-20130904.jar"/>
        <file crc="718358633" name="modules/ext/stax-api-1.0.1.jar"/>
        <file crc="2542928304" name="modules/ext/swingx-1.6.jar"/>
        <file crc="3116060521" name="modules/ext/xmlbeans-2.3.0.jar"/>
    </module_version>
</module>
